--
-- PostgreSQL database dump
--

-- Dumped from database version 14.2
-- Dumped by pg_dump version 14.2

SET statement_timeout = 0;
SET lock_timeout = 0;
SET idle_in_transaction_session_timeout = 0;
SET client_encoding = 'UTF8';
SET standard_conforming_strings = on;
SELECT pg_catalog.set_config('search_path', '', false);
SET check_function_bodies = false;
SET xmloption = content;
SET client_min_messages = warning;
SET row_security = off;

DROP DATABASE IF EXISTS discounter;
--
-- Name: discounter; Type: DATABASE; Schema: -; Owner: postgres
--

CREATE DATABASE discounter WITH TEMPLATE = template0 ENCODING = 'UTF8' LOCALE = 'Russian_Russia.1251';


ALTER DATABASE discounter OWNER TO postgres;

\connect discounter

SET statement_timeout = 0;
SET lock_timeout = 0;
SET idle_in_transaction_session_timeout = 0;
SET client_encoding = 'UTF8';
SET standard_conforming_strings = on;
SELECT pg_catalog.set_config('search_path', '', false);
SET check_function_bodies = false;
SET xmloption = content;
SET client_min_messages = warning;
SET row_security = off;

SET default_tablespace = '';

SET default_table_access_method = heap;

--
-- Name: act_of_order; Type: TABLE; Schema: public; Owner: postgres
--

CREATE TABLE public.act_of_order (
    id integer NOT NULL,
    customer_id integer,
    point_id integer
);


ALTER TABLE public.act_of_order OWNER TO postgres;

--
-- Name: act_of_order_id_seq; Type: SEQUENCE; Schema: public; Owner: postgres
--

ALTER TABLE public.act_of_order ALTER COLUMN id ADD GENERATED BY DEFAULT AS IDENTITY (
    SEQUENCE NAME public.act_of_order_id_seq
    START WITH 1
    INCREMENT BY 1
    NO MINVALUE
    NO MAXVALUE
    CACHE 1
);


--
-- Name: currency; Type: TABLE; Schema: public; Owner: postgres
--

CREATE TABLE public.currency (
    id integer NOT NULL,
    name character varying(25) NOT NULL,
    code3 character varying(3) NOT NULL
);


ALTER TABLE public.currency OWNER TO postgres;

--
-- Name: currency_id_seq; Type: SEQUENCE; Schema: public; Owner: postgres
--

ALTER TABLE public.currency ALTER COLUMN id ADD GENERATED BY DEFAULT AS IDENTITY (
    SEQUENCE NAME public.currency_id_seq
    START WITH 1
    INCREMENT BY 1
    NO MINVALUE
    NO MAXVALUE
    CACHE 1
);


--
-- Name: customers; Type: TABLE; Schema: public; Owner: postgres
--

CREATE TABLE public.customers (
    id integer NOT NULL,
    address character varying(250) NOT NULL
);


ALTER TABLE public.customers OWNER TO postgres;

--
-- Name: point_of_issue; Type: TABLE; Schema: public; Owner: postgres
--

CREATE TABLE public.point_of_issue (
    id integer NOT NULL,
    address character varying(255),
    seller_id integer
);


ALTER TABLE public.point_of_issue OWNER TO postgres;

--
-- Name: point_of_issue_id_seq; Type: SEQUENCE; Schema: public; Owner: postgres
--

ALTER TABLE public.point_of_issue ALTER COLUMN id ADD GENERATED BY DEFAULT AS IDENTITY (
    SEQUENCE NAME public.point_of_issue_id_seq
    START WITH 1
    INCREMENT BY 1
    NO MINVALUE
    NO MAXVALUE
    CACHE 1
);


--
-- Name: position_order; Type: TABLE; Schema: public; Owner: postgres
--

CREATE TABLE public.position_order (
    id integer NOT NULL,
    product_id integer,
    act_of_order_id integer
);


ALTER TABLE public.position_order OWNER TO postgres;

--
-- Name: position_order_id_seq; Type: SEQUENCE; Schema: public; Owner: postgres
--

ALTER TABLE public.position_order ALTER COLUMN id ADD GENERATED BY DEFAULT AS IDENTITY (
    SEQUENCE NAME public.position_order_id_seq
    START WITH 1
    INCREMENT BY 1
    NO MINVALUE
    NO MAXVALUE
    CACHE 1
);


--
-- Name: prices; Type: TABLE; Schema: public; Owner: postgres
--

CREATE TABLE public.prices (
    id integer NOT NULL,
    product_id integer,
    price integer NOT NULL,
    currency_id integer NOT NULL
);


ALTER TABLE public.prices OWNER TO postgres;

--
-- Name: prices_id_seq; Type: SEQUENCE; Schema: public; Owner: postgres
--

ALTER TABLE public.prices ALTER COLUMN id ADD GENERATED BY DEFAULT AS IDENTITY (
    SEQUENCE NAME public.prices_id_seq
    START WITH 1
    INCREMENT BY 1
    NO MINVALUE
    NO MAXVALUE
    CACHE 1
);


--
-- Name: product; Type: TABLE; Schema: public; Owner: postgres
--

CREATE TABLE public.product (
    id integer NOT NULL,
    order_name character varying(255) NOT NULL
);


ALTER TABLE public.product OWNER TO postgres;

--
-- Name: product_id_seq; Type: SEQUENCE; Schema: public; Owner: postgres
--

ALTER TABLE public.product ALTER COLUMN id ADD GENERATED BY DEFAULT AS IDENTITY (
    SEQUENCE NAME public.product_id_seq
    START WITH 1
    INCREMENT BY 1
    NO MINVALUE
    NO MAXVALUE
    CACHE 1
);


--
-- Name: providers; Type: TABLE; Schema: public; Owner: postgres
--

CREATE TABLE public.providers (
    id integer NOT NULL,
    provider_name character varying(40) NOT NULL,
    city_location character varying(50) NOT NULL
);


ALTER TABLE public.providers OWNER TO postgres;

--
-- Name: providers_id_seq; Type: SEQUENCE; Schema: public; Owner: postgres
--

ALTER TABLE public.providers ALTER COLUMN id ADD GENERATED BY DEFAULT AS IDENTITY (
    SEQUENCE NAME public.providers_id_seq
    START WITH 1
    INCREMENT BY 1
    NO MINVALUE
    NO MAXVALUE
    CACHE 1
);


--
-- Name: providers_to_orders; Type: TABLE; Schema: public; Owner: postgres
--

CREATE TABLE public.providers_to_orders (
    providers_id integer NOT NULL,
    orders_id integer NOT NULL
);


ALTER TABLE public.providers_to_orders OWNER TO postgres;

--
-- Name: seller; Type: TABLE; Schema: public; Owner: postgres
--

CREATE TABLE public.seller (
    id integer NOT NULL,
    salary integer NOT NULL
);


ALTER TABLE public.seller OWNER TO postgres;

--
-- Name: users; Type: TABLE; Schema: public; Owner: postgres
--

CREATE TABLE public.users (
    id integer NOT NULL,
    name character varying(255) NOT NULL,
    surname character varying(255) NOT NULL,
    email character varying(30) NOT NULL,
    type character varying(30) NOT NULL
);


ALTER TABLE public.users OWNER TO postgres;

--
-- Name: users_id_seq; Type: SEQUENCE; Schema: public; Owner: postgres
--

ALTER TABLE public.users ALTER COLUMN id ADD GENERATED BY DEFAULT AS IDENTITY (
    SEQUENCE NAME public.users_id_seq
    START WITH 1
    INCREMENT BY 1
    NO MINVALUE
    NO MAXVALUE
    CACHE 1
);


--
-- Data for Name: act_of_order; Type: TABLE DATA; Schema: public; Owner: postgres
--

INSERT INTO public.act_of_order VALUES (1, 1, 2);
INSERT INTO public.act_of_order VALUES (2, 2, 1);


--
-- Data for Name: currency; Type: TABLE DATA; Schema: public; Owner: postgres
--

INSERT INTO public.currency VALUES (1, 'Рубль', 'RUB');


--
-- Data for Name: customers; Type: TABLE DATA; Schema: public; Owner: postgres
--

INSERT INTO public.customers VALUES (1, 'улица нигде');
INSERT INTO public.customers VALUES (2, 'улица Алексеевская д. 5');
INSERT INTO public.customers VALUES (6, 'улица Гордеевская, д. 8');
INSERT INTO public.customers VALUES (7, 'улица Альпачино, д. 12');


--
-- Data for Name: point_of_issue; Type: TABLE DATA; Schema: public; Owner: postgres
--

INSERT INTO public.point_of_issue VALUES (1, 'г. Нижний Новгород,ул Буревестник, д.1', 4);
INSERT INTO public.point_of_issue VALUES (2, 'г. Казань, ул. Новостройкина, д. 10', 5);


--
-- Data for Name: position_order; Type: TABLE DATA; Schema: public; Owner: postgres
--

INSERT INTO public.position_order VALUES (1, 5, 1);
INSERT INTO public.position_order VALUES (2, 6, 2);
INSERT INTO public.position_order VALUES (3, 7, 1);


--
-- Data for Name: prices; Type: TABLE DATA; Schema: public; Owner: postgres
--

INSERT INTO public.prices VALUES (1, 5, 3000, 1);
INSERT INTO public.prices VALUES (2, 5, 6000, 1);
INSERT INTO public.prices VALUES (3, 6, 23000, 1);
INSERT INTO public.prices VALUES (4, 7, 2500, 1);
INSERT INTO public.prices VALUES (5, 8, 500, 1);
INSERT INTO public.prices VALUES (6, 9, 320, 1);


--
-- Data for Name: product; Type: TABLE DATA; Schema: public; Owner: postgres
--

INSERT INTO public.product VALUES (5, 'Мышка Razer');
INSERT INTO public.product VALUES (6, 'Пылесос Sos3');
INSERT INTO public.product VALUES (7, 'Электронная сигарета 4en');
INSERT INTO public.product VALUES (8, 'Мышка "Беларусь"');
INSERT INTO public.product VALUES (9, 'Коврик для мыши "Советский"');


--
-- Data for Name: providers; Type: TABLE DATA; Schema: public; Owner: postgres
--

INSERT INTO public.providers VALUES (1, 'АкваТроник', 'Калининград');
INSERT INTO public.providers VALUES (2, 'Хьюберт ', 'Нижний Новгород');
INSERT INTO public.providers VALUES (3, 'Мираж', 'Орел');
INSERT INTO public.providers VALUES (4, 'Фортран', 'Москва');


--
-- Data for Name: providers_to_orders; Type: TABLE DATA; Schema: public; Owner: postgres
--

INSERT INTO public.providers_to_orders VALUES (1, 5);
INSERT INTO public.providers_to_orders VALUES (2, 6);
INSERT INTO public.providers_to_orders VALUES (3, 7);
INSERT INTO public.providers_to_orders VALUES (1, 6);
INSERT INTO public.providers_to_orders VALUES (4, 8);
INSERT INTO public.providers_to_orders VALUES (4, 9);


--
-- Data for Name: seller; Type: TABLE DATA; Schema: public; Owner: postgres
--

INSERT INTO public.seller VALUES (4, 30000);
INSERT INTO public.seller VALUES (5, 25000);


--
-- Data for Name: users; Type: TABLE DATA; Schema: public; Owner: postgres
--

INSERT INTO public.users VALUES (1, 'Павел', 'Техник', 'paveltech@mail.ru', 'customer');
INSERT INTO public.users VALUES (2, 'Наташа', 'Иванова', 'natashaivanova12@gmail.ru', 'customer');
INSERT INTO public.users VALUES (4, 'Персона', 'Неизвестная', 'panteleimon@yandex.ru', 'seller');
INSERT INTO public.users VALUES (5, 'Фабрика', 'Паттерн', 'strangerthings@gmail.com', 'seller');
INSERT INTO public.users VALUES (7, 'Иван ', 'Иванович', 'ivanivanovich@ya.ru', 'customer');
INSERT INTO public.users VALUES (6, 'Сергей', 'Попенко', 'popenkosd@mail.ru', 'customer');


--
-- Name: act_of_order_id_seq; Type: SEQUENCE SET; Schema: public; Owner: postgres
--

SELECT pg_catalog.setval('public.act_of_order_id_seq', 2, true);


--
-- Name: currency_id_seq; Type: SEQUENCE SET; Schema: public; Owner: postgres
--

SELECT pg_catalog.setval('public.currency_id_seq', 1, true);


--
-- Name: point_of_issue_id_seq; Type: SEQUENCE SET; Schema: public; Owner: postgres
--

SELECT pg_catalog.setval('public.point_of_issue_id_seq', 2, true);


--
-- Name: position_order_id_seq; Type: SEQUENCE SET; Schema: public; Owner: postgres
--

SELECT pg_catalog.setval('public.position_order_id_seq', 3, true);


--
-- Name: prices_id_seq; Type: SEQUENCE SET; Schema: public; Owner: postgres
--

SELECT pg_catalog.setval('public.prices_id_seq', 6, true);


--
-- Name: product_id_seq; Type: SEQUENCE SET; Schema: public; Owner: postgres
--

SELECT pg_catalog.setval('public.product_id_seq', 9, true);


--
-- Name: providers_id_seq; Type: SEQUENCE SET; Schema: public; Owner: postgres
--

SELECT pg_catalog.setval('public.providers_id_seq', 4, true);


--
-- Name: users_id_seq; Type: SEQUENCE SET; Schema: public; Owner: postgres
--

SELECT pg_catalog.setval('public.users_id_seq', 7, true);


--
-- Name: act_of_order act_of_order_pkey; Type: CONSTRAINT; Schema: public; Owner: postgres
--

ALTER TABLE ONLY public.act_of_order
    ADD CONSTRAINT act_of_order_pkey PRIMARY KEY (id);


--
-- Name: currency currency_pkey; Type: CONSTRAINT; Schema: public; Owner: postgres
--

ALTER TABLE ONLY public.currency
    ADD CONSTRAINT currency_pkey PRIMARY KEY (id);


--
-- Name: customers customers_pkey; Type: CONSTRAINT; Schema: public; Owner: postgres
--

ALTER TABLE ONLY public.customers
    ADD CONSTRAINT customers_pkey PRIMARY KEY (id);


--
-- Name: product orders_pkey; Type: CONSTRAINT; Schema: public; Owner: postgres
--

ALTER TABLE ONLY public.product
    ADD CONSTRAINT orders_pkey PRIMARY KEY (id);


--
-- Name: point_of_issue point_of_issue_pkey; Type: CONSTRAINT; Schema: public; Owner: postgres
--

ALTER TABLE ONLY public.point_of_issue
    ADD CONSTRAINT point_of_issue_pkey PRIMARY KEY (id);


--
-- Name: position_order position_order_pkey; Type: CONSTRAINT; Schema: public; Owner: postgres
--

ALTER TABLE ONLY public.position_order
    ADD CONSTRAINT position_order_pkey PRIMARY KEY (id);


--
-- Name: prices prices_pkey; Type: CONSTRAINT; Schema: public; Owner: postgres
--

ALTER TABLE ONLY public.prices
    ADD CONSTRAINT prices_pkey PRIMARY KEY (id);


--
-- Name: providers providers_pkey; Type: CONSTRAINT; Schema: public; Owner: postgres
--

ALTER TABLE ONLY public.providers
    ADD CONSTRAINT providers_pkey PRIMARY KEY (id);


--
-- Name: providers_to_orders providers_to_orders_pk; Type: CONSTRAINT; Schema: public; Owner: postgres
--

ALTER TABLE ONLY public.providers_to_orders
    ADD CONSTRAINT providers_to_orders_pk PRIMARY KEY (orders_id, providers_id);


--
-- Name: seller saller_pkey; Type: CONSTRAINT; Schema: public; Owner: postgres
--

ALTER TABLE ONLY public.seller
    ADD CONSTRAINT saller_pkey PRIMARY KEY (id);


--
-- Name: users users_pkey; Type: CONSTRAINT; Schema: public; Owner: postgres
--

ALTER TABLE ONLY public.users
    ADD CONSTRAINT users_pkey PRIMARY KEY (id);


--
-- Name: position_order act_of_order_fk; Type: FK CONSTRAINT; Schema: public; Owner: postgres
--

ALTER TABLE ONLY public.position_order
    ADD CONSTRAINT act_of_order_fk FOREIGN KEY (act_of_order_id) REFERENCES public.act_of_order(id);


--
-- Name: prices currency_fk; Type: FK CONSTRAINT; Schema: public; Owner: postgres
--

ALTER TABLE ONLY public.prices
    ADD CONSTRAINT currency_fk FOREIGN KEY (currency_id) REFERENCES public.currency(id);


--
-- Name: act_of_order customer_fk; Type: FK CONSTRAINT; Schema: public; Owner: postgres
--

ALTER TABLE ONLY public.act_of_order
    ADD CONSTRAINT customer_fk FOREIGN KEY (customer_id) REFERENCES public.customers(id);


--
-- Name: customers customers_fk; Type: FK CONSTRAINT; Schema: public; Owner: postgres
--

ALTER TABLE ONLY public.customers
    ADD CONSTRAINT customers_fk FOREIGN KEY (id) REFERENCES public.users(id) ON UPDATE CASCADE ON DELETE RESTRICT;


--
-- Name: providers_to_orders orders_fk; Type: FK CONSTRAINT; Schema: public; Owner: postgres
--

ALTER TABLE ONLY public.providers_to_orders
    ADD CONSTRAINT orders_fk FOREIGN KEY (orders_id) REFERENCES public.product(id);


--
-- Name: act_of_order point_fk; Type: FK CONSTRAINT; Schema: public; Owner: postgres
--

ALTER TABLE ONLY public.act_of_order
    ADD CONSTRAINT point_fk FOREIGN KEY (point_id) REFERENCES public.point_of_issue(id) ON UPDATE CASCADE ON DELETE RESTRICT;


--
-- Name: position_order product_fk; Type: FK CONSTRAINT; Schema: public; Owner: postgres
--

ALTER TABLE ONLY public.position_order
    ADD CONSTRAINT product_fk FOREIGN KEY (product_id) REFERENCES public.product(id);


--
-- Name: prices product_fk; Type: FK CONSTRAINT; Schema: public; Owner: postgres
--

ALTER TABLE ONLY public.prices
    ADD CONSTRAINT product_fk FOREIGN KEY (product_id) REFERENCES public.product(id);


--
-- Name: providers_to_orders providers_fk; Type: FK CONSTRAINT; Schema: public; Owner: postgres
--

ALTER TABLE ONLY public.providers_to_orders
    ADD CONSTRAINT providers_fk FOREIGN KEY (providers_id) REFERENCES public.providers(id);


--
-- Name: seller seller_fk; Type: FK CONSTRAINT; Schema: public; Owner: postgres
--

ALTER TABLE ONLY public.seller
    ADD CONSTRAINT seller_fk FOREIGN KEY (id) REFERENCES public.users(id) ON UPDATE CASCADE ON DELETE CASCADE;


--
-- Name: point_of_issue seller_fk; Type: FK CONSTRAINT; Schema: public; Owner: postgres
--

ALTER TABLE ONLY public.point_of_issue
    ADD CONSTRAINT seller_fk FOREIGN KEY (seller_id) REFERENCES public.seller(id);


--
-- PostgreSQL database dump complete
--

